id;date_creation;destination;path_csv
1;2024-10-09T06:38:23;upright;as until
2;2024-10-09T14:25:31;micromanage;incinerate shipper whose
3;2024-10-09T11:48:00;absentmindedly beside solace;below whoever dutiful
4;2024-10-09T22:32:47;up indeed;rarely collaboration
5;2024-10-09T09:42:46;fortunate unless although;golden
6;2024-10-09T19:39:33;scram how;rigidly thoughtfully
7;2024-10-09T18:17:08;range;fictionalize coagulate deceivingly
8;2024-10-09T14:31:05;pluck;knickers premium shout
9;2024-10-09T03:31:14;orX;who palatable well-off
10;2024-10-10T01:54:29;excluding;husky until proliferate
